model	score	validity	mean_qed	pct_lipinski	scaffold_entropy	int_div	uniqueness	novelty
baseline	0.7697	0.878	0.532	0.659	0.989	0.886	1.0000	0.9994
zinc_random_02	0.7542	0.859	0.528	0.665	0.995	0.883	0.9994	1.0000
zinc_random_05	0.7607	0.870	0.550	0.719	0.991	0.882	1.0000	1.0000
zinc_random_10	0.7550	0.862	0.553	0.702	0.992	0.883	1.0000	1.0000
zinc_random_20	0.7618	0.867	0.552	0.706	0.992	0.886	1.0000	1.0000
coconut_random_02	0.7506	0.856	0.535	0.658	0.993	0.884	1.0000	1.0000
coconut_random_05	0.7527	0.855	0.531	0.678	0.992	0.888	1.0000	0.9994
coconut_random_10	0.7391	0.844	0.518	0.643	0.991	0.884	1.0000	1.0000
coconut_random_20	0.7659	0.874	0.517	0.651	0.985	0.889	1.0000	0.9994
hmdb_random_02	0.7428	0.852	0.534	0.690	0.988	0.882	1.0000	1.0000
hmdb_random_05	0.7345	0.849	0.514	0.658	0.980	0.883	1.0000	0.9982
hmdb_random_10	0.7176	0.839	0.496	0.623	0.965	0.887	1.0000	0.9994
hmdb_random_20	0.7226	0.877	0.484	0.622	0.926	0.890	0.9994	1.0000
